word1,word2,WordSim/10,SimLex/10,cos
professor,doctor,0.662,0.465,0.4891412556171417
student,professor,0.6809999999999999,0.195,0.5356885194778442
coast,shore,0.9099999999999999,0.883,0.4983186721801758
psychology,science,0.671,0.492,0.8005320429801941
planet,moon,0.808,0.587,0.6412648558616638
closet,clothes,0.8,0.327,0.6615524888038635
day,dawn,0.753,0.5469999999999999,0.5295441746711731
man,woman,0.8300000000000001,0.333,0.6703950762748718
aluminum,metal,0.783,0.725,0.5035939812660217
