word1,word2,WordSim/10,SimLex/10,cos
professor,doctor,0.662,0.465,0.5301827192306519
student,professor,0.6809999999999999,0.195,0.5851861238479614
coast,shore,0.9099999999999999,0.883,0.7000272274017334
psychology,science,0.671,0.492,0.7279348969459534
planet,moon,0.808,0.587,0.6345553398132324
closet,clothes,0.8,0.327,0.5462760329246521
day,dawn,0.753,0.5469999999999999,0.6127535700798035
man,woman,0.8300000000000001,0.333,0.8323493599891663
aluminum,metal,0.783,0.725,0.683809757232666
