word1,word2,WordSim/10,SimLex/10,cos
professor,doctor,0.662,0.465,0.21336084604263306
student,professor,0.6809999999999999,0.195,0.4206618368625641
coast,shore,0.9099999999999999,0.883,0.5083667635917664
psychology,science,0.671,0.492,0.48088350892066956
planet,moon,0.808,0.587,0.5024791955947876
closet,clothes,0.8,0.327,0.4177303612232208
day,dawn,0.753,0.5469999999999999,0.331085741519928
man,woman,0.8300000000000001,0.333,0.7664012312889099
aluminum,metal,0.783,0.725,0.6375762224197388
